first_name,last_name,email,phone_number
Owen,Bell,o.a.bell@live.com,313-073-5417
Nathan,Peterson,n.peterson@aol.com,201-926-1832
Thomas,Jenkins,thomas_jenkins@outlook.com,206-274-5940
Mark,Moore,m_moore@yahoo.com,617-056-8208
Alexandra,Bailey,a.r.bailey@outlook.com,704-344-7718
Heather,Turner,h_n_turner@yahoo.com,316-273-1053
Isaac,Stewart,isaac_william_stewart@outlook.com,330-349-9319
Tiffany,Murphy,tiffanymurphy@aol.com,320-786-9033
Joshua,Baker,joshua_baker@live.com,828-087-8334
Anna,Morris,a.m@rocketmail.com,304-325-2525
Christopher,Wright,cawright@live.com,316-071-2635
Sarah,Brown,sarah_j_brown@rocketmail.com,747-155-1957
Michelle,Coleman,michelle.coleman@rocketmail.com,225-198-9349
Aaron,Wright,awright@hotmail.com,570-335-2473
John,Nelson,john_nelson@live.com,937-451-4637
Amelia,Bailey,arbailey@rocketmail.com,775-755-2757
Theodore,Cox,theodore@aol.com,631-262-6683
James,Adams,james.anthony.adams74@live.com,516-689-4395
Tyler,Peterson,tyler.peterson30@aol.com,563-083-7481
Alexis,Howard,alexisreneehoward@rocketmail.com,443-296-5831
Jose,Collins,jcollins@gmail.com,859-730-0215
Daniel,Cook,d_j_cook@live.com,651-787-2157
Kimberly,Hill,kimberly_m_hill@aol.com,763-693-5216
Rachel,Jackson,rjjackson@ymail.com,719-617-0471
Kayla,Coleman,k_coleman17@rocketmail.com,631-593-5068
Layla,Butler,laylamichellebutler@hotmail.com,215-056-0756
Lillian,Adams,ladams@yahoo.com,754-353-2197
Kaitlyn,Nelson,k.nelson@aol.com,512-740-2694
Rachel,Butler,r_r_butler1@live.com,210-827-7711
Chelsea,Richardson,c_richardson@aol.com,912-796-7595
Joseph,Washington,j_m@yahoo.com,860-134-6090
Alexandra,Wood,alexandra_m_wood67@hotmail.com,424-211-1629
Ashley,Scott,ashley_mae@gmail.com,773-042-1999
Dylan,Wood,dgwood17@hotmail.com,228-759-3122
Abigail,James,a_james@yahoo.com,380-924-0141
Aubrey,Carter,acarter@live.com,716-716-2794
Laura,Flores,lauraflores@yahoo.com,747-318-4482
Theodore,Smith,theodore.r.smith@rocketmail.com,816-973-5435
Benjamin,Cook,b_j_cook@hotmail.com,615-827-1856
Patrick,Gray,p_e_gray@aol.com,517-856-4243
Tyler,Moore,tyler_j_moore@live.com,614-395-8066
Lillian,Wood,lillian28@aol.com,380-892-6499
Danielle,Lopez,d.l.lopez@aol.com,805-446-8884
Aaron,Adams,aarondadams@outlook.com,214-142-5340
Heather,Hall,h_d_hall@ymail.com,712-348-9023
Jose,Barnes,josewbarnes8@rocketmail.com,662-257-8968
Amber,Alexander,aalexander@yahoo.com,484-819-3326
Amelia,Roberts,a_roberts@live.com,504-889-2732
Jose,Lewis,jlewis@live.com,406-196-8215
Michael,Hernandez,michael_andrew_hernandez@hotmail.com,313-469-7246
Isabella,Patterson,isabella_m_patterson@rocketmail.com,405-060-2581
Dylan,Collins,dylan@gmail.com,361-245-8154
Jessica,Ward,j.ward@rocketmail.com,907-970-2621
Joshua,Morgan,joshuacmorgan96@rocketmail.com,539-275-8593
Megan,Thomas,m_g@live.com,253-604-7239
Sebastian,Richardson,srichardson@aol.com,641-926-6466
Taylor,Cook,taylormaycook@aol.com,835-889-7819
Zachary,Alexander,z.alexander@hotmail.com,276-708-4461
Alexander,James,alexander_a_james@yahoo.com,331-545-5525
Brandon,Henderson,brandon@rocketmail.com,206-608-9000
Austin,Diaz,adiaz@live.com,720-316-6230
Joshua,Kelly,j_t_kelly@ymail.com,801-428-7713
Lauren,Murphy,l.a97@yahoo.com,214-683-5823
Melissa,Edwards,mmedwards46@ymail.com,835-020-8095
Michelle,Allen,mallen@outlook.com,931-617-2815
Joseph,Rodriguez,joseph74@live.com,508-747-3483
Eleanor,James,eleanorjames@outlook.com,332-501-4259
Brianna,Cox,briannacox90@aol.com,646-785-7513
Amelia,Ross,amross51@outlook.com,832-267-8400
Amber,Brooks,a.brooks17@outlook.com,732-362-3456
Henry,Price,henryeugeneprice34@outlook.com,806-438-7459
Jose,Brown,jose.brown31@rocketmail.com,845-146-9908
Maria,Martinez,marianicolemartinez@outlook.com,351-863-7409
Anthony,Alexander,anthony_j_alexander42@gmail.com,464-987-6756
Elizabeth,Bryant,elizabeth.j.bryant@aol.com,769-994-4084
Heather,Rivera,heather.m.rivera7@gmail.com,352-053-8396
David,Wright,dawright@yahoo.com,706-435-3449
Audrey,Nelson,a_m_nelson@yahoo.com,779-841-2037
Natalie,Morris,nr@outlook.com,316-934-6144
Michelle,Harris,m.l.harris@yahoo.com,636-136-4620
Layla,Bennett,layla_bennett@aol.com,346-333-5412
Owen,Price,o_a_price@live.com,267-823-4114
Ashley,Collins,alcollins@ymail.com,551-288-8256
Aubrey,Moore,aubrey.m.moore@aol.com,651-457-6605
Sara,Hayes,sara_hayes@yahoo.com,269-392-1370
Kaitlyn,Sanders,ksanders@outlook.com,510-247-7634
Tyler,Cooper,tylermichael8@gmail.com,862-147-3276
Kimberly,Mitchell,kimberly_m_mitchell@hotmail.com,828-982-2738
Courtney,Ramirez,courtney64@yahoo.com,510-388-5778
David,Garcia,d.garcia@hotmail.com,336-409-8475
Kayla,Wood,kayla.louise.wood@outlook.com,845-473-6702
Oliver,Davis,oliver_a@gmail.com,585-040-7889
Kelsey,Turner,kelsey.turner@hotmail.com,724-892-3267
Patrick,Moore,patricktmoore26@live.com,317-937-8134
Charlotte,Flores,cflores@outlook.com,330-194-0291
Kimberly,Brown,kimberly.m.brown@hotmail.com,786-027-7938
Layla,Watson,l_r_watson@gmail.com,307-687-6600
Sara,Hall,s.hall@outlook.com,203-914-1360
Haley,Peterson,haleymichelle@rocketmail.com,240-809-8741
Andrew,Lee,andrew_allen_lee@outlook.com,628-234-3903
